사고번호,사고일시,요일,시군구,사고내용,사망자수,중상자수,경상자수,부상신고자수,사고유형,법규위반,노면상태,기상상태,도로형태,가해운전자 차종,가해운전자 성별,가해운전자 연령,가해운전자 상해정도,피해운전자 차종,피해운전자 성별,피해운전자 연령,피해운전자 상해정도
2022010400100130,2022년 1월 4일 09시,화요일,경기도 안양시 만안구 석수동,경상사고,0,0,1,0,차대차 - 측면충돌,안전거리미확보,건조,맑음,단일로 - 교량,승용,여,33세,상해없음,승용,여,27세,경상
2022012000100169,2022년 1월 20일 11시,목요일,인천광역시 남동구 남촌동,경상사고,0,0,3,0,차대차 - 측면충돌,안전운전불이행,건조,맑음,단일로 - 교량,승용,남,70세,상해없음,승용,남,45세,경상
2022012000100420,2022년 1월 20일 18시,목요일,인천광역시 남동구 서창동,경상사고,0,0,1,0,차대차 - 추돌,안전운전불이행,건조,맑음,단일로 - 기타,특수,남,47세,상해없음,화물,남,66세,경상
2022012200100041,2022년 1월 22일 06시,토요일,인천광역시 남동구 남촌동,경상사고,0,0,2,0,차대차 - 정면충돌,안전운전불이행,건조,맑음,단일로 - 기타,승용,남,64세,상해없음,승용,남,63세,경상
2022012500100407,2022년 1월 25일 18시,화요일,경기도 안양시 만안구 석수동,중상사고,0,1,0,0,차대차 - 기타,안전운전불이행,건조,맑음,단일로 - 기타,화물,남,67세,상해없음,승용,여,33세,중상
2022012600100473,2022년 1월 26일 19시,수요일,경기도 안양시 만안구 석수동,경상사고,0,0,2,0,차대차 - 추돌,안전운전불이행,건조,맑음,기타 - 기타,화물,남,49세,상해없음,승용,여,44세,경상
2022020400100376,2022년 2월 4일 18시,금요일,경기도 시흥시 안현동,경상사고,0,0,1,0,차대차 - 추돌,안전운전불이행,건조,맑음,단일로 - 기타,승용,남,41세,상해없음,승용,남,55세,경상
2022020900100362,2022년 2월 9일 18시,수요일,경기도 안양시 만안구 석수동,중상사고,0,1,0,0,차대차 - 측면충돌,안전거리미확보,건조,맑음,단일로 - 기타,승용,남,68세,상해없음,승용,여,61세,중상
2022021100100163,2022년 2월 11일 11시,금요일,경기도 광명시 노온사동,경상사고,0,0,1,0,차대차 - 추돌,안전거리미확보,건조,맑음,단일로 - 기타,승용,남,64세,상해없음,승용,남,29세,경상
2022022000100165,2022년 2월 20일 14시,일요일,인천광역시 남동구 남촌동,경상사고,0,0,3,0,차대차 - 측면충돌,안전거리미확보,건조,맑음,단일로 - 기타,승용,여,39세,경상,승용,여,45세,경상
2022022000100227,2022년 2월 20일 17시,일요일,경기도 시흥시 신천동,경상사고,0,0,4,0,차대차 - 기타,안전운전불이행,건조,맑음,단일로 - 교량,승용,여,37세,상해없음,승용,남,38세,경상
2022022100100013,2022년 2월 21일 01시,월요일,인천광역시 미추홀구 문학동,경상사고,0,0,1,0,차대차 - 추돌,안전운전불이행,건조,맑음,단일로 - 기타,승용,남,43세,상해없음,승용,남,61세,경상
2022022400100469,2022년 2월 24일 20시,목요일,인천광역시 남동구 수산동,중상사고,0,1,1,0,차대차 - 측면충돌,안전운전불이행,건조,맑음,단일로 - 고가도로위,승용,남,19세,상해없음,승용,남,45세,경상
2022030600100216,2022년 3월 6일 16시,일요일,인천광역시 남동구 서창동,경상사고,0,0,1,0,차대차 - 측면충돌,안전거리미확보,건조,맑음,단일로 - 기타,승용,남,58세,상해없음,승용,남,31세,경상
2022031600100211,2022년 3월 16일 13시,수요일,인천광역시 남동구 수산동,경상사고,0,0,5,0,차대차 - 측면충돌,안전거리미확보,건조,맑음,단일로 - 교량,승용,여,56세,경상,승용,남,39세,경상
2022031900100123,2022년 3월 19일 11시,토요일,인천광역시 미추홀구 주안동,경상사고,0,0,1,0,차대차 - 추돌,안전운전불이행,젖음/습기,비,단일로 - 기타,승용,남,54세,상해없음,화물,남,48세,경상
2022032900100362,2022년 3월 29일 17시,화요일,경기도 광명시 소하동,경상사고,0,0,3,0,차대차 - 추돌,안전거리미확보,건조,맑음,단일로 - 교량,승용,남,61세,상해없음,승용,남,57세,경상
2022040100100306,2022년 4월 1일 16시,금요일,인천광역시 남동구 남촌동,경상사고,0,0,2,0,차대차 - 측면충돌,신호위반,건조,맑음,단일로 - 교량,승용,여,32세,상해없음,승용,남,46세,경상
2022040200100531,2022년 4월 2일 22시,토요일,인천광역시 남동구 운연동,중상사고,0,3,1,0,차대차 - 기타,기타,건조,맑음,단일로 - 기타,승용,남,65세,중상,승용,남,26세,중상
2022040600100035,2022년 4월 6일 05시,수요일,인천광역시 미추홀구 문학동,경상사고,0,0,1,0,차대차 - 추돌,안전운전불이행,건조,흐림,단일로 - 기타,승용,남,26세,상해없음,승용,남,46세,경상
2022041200100372,2022년 4월 12일 17시,화요일,경기도 성남시 수정구 금토동,중상사고,0,1,1,0,차대차 - 측면충돌,안전거리미확보,건조,맑음,단일로 - 기타,승용,남,39세,상해없음,화물,남,53세,중상
2022043000100204,2022년 4월 30일 12시,토요일,경기도 안양시 만안구 석수동,경상사고,0,0,5,1,차대차 - 기타,차로위반,건조,맑음,단일로 - 교량,화물,남,33세,상해없음,승용,여,53세,경상
2022043000100364,2022년 4월 30일 16시,토요일,인천광역시 미추홀구 학익동,중상사고,0,1,0,0,차대차 - 기타,기타,건조,맑음,단일로 - 교량,건설기계,남,66세,상해없음,승용,남,45세,중상
2022050200100218,2022년 5월 2일 11시,월요일,인천광역시 미추홀구 학익동,경상사고,0,0,1,0,차대차 - 기타,안전거리미확보,건조,맑음,단일로 - 기타,승용,남,54세,상해없음,건설기계,남,48세,경상
2022050500100163,2022년 5월 5일 11시,목요일,경기도 시흥시 과림동,부상신고사고,0,0,0,1,차대차 - 기타,안전거리미확보,건조,맑음,단일로 - 기타,승용,남,44세,상해없음,승용,여,42세,부상신고
2022051000100587,2022년 5월 10일 21시,화요일,인천광역시 남동구 수산동,중상사고,0,1,0,0,차대차 - 추돌,안전운전불이행,건조,맑음,단일로 - 기타,화물,남,38세,상해없음,화물,남,44세,중상
2022051100100031,2022년 5월 11일 05시,수요일,경기도 성남시 수정구 시흥동,경상사고,0,0,2,0,차대차 - 기타,안전거리미확보,건조,맑음,단일로 - 기타,승용,남,56세,상해없음,승합,남,61세,경상
2022051300100120,2022년 5월 13일 08시,금요일,경기도 안양시 만안구 석수동,경상사고,0,0,1,0,차대차 - 추돌,안전운전불이행,건조,맑음,단일로 - 기타,화물,남,66세,상해없음,승용,남,62세,경상
2022051300100401,2022년 5월 13일 16시,금요일,인천광역시 남동구 수산동,경상사고,0,0,1,0,차대차 - 측면충돌,안전거리미확보,건조,맑음,단일로 - 기타,승용,남,71세,상해없음,승용,여,34세,경상
2022051400100333,2022년 5월 14일 14시,토요일,인천광역시 미추홀구 학익동,경상사고,0,0,1,0,차대차 - 기타,안전거리미확보,건조,맑음,단일로 - 기타,기타불명,기타불명,미분류,기타불명,화물,남,53세,상해없음
2022051600100017,2022년 5월 16일 02시,월요일,경기도 시흥시 은행동,경상사고,0,0,2,0,차대차 - 추돌,안전운전불이행,건조,맑음,단일로 - 기타,승용,남,28세,기타불명,승용,남,63세,경상
2022052100100130,2022년 5월 21일 09시,토요일,인천광역시 남동구 수산동,중상사고,0,1,3,0,차대차 - 측면충돌,안전거리미확보,건조,맑음,단일로 - 기타,승용,남,36세,상해없음,승용,여,32세,중상
2022052100100582,2022년 5월 21일 22시,토요일,경기도 성남시 수정구 금토동,중상사고,0,2,0,0,차대차 - 기타,안전운전불이행,건조,맑음,기타 - 기타,승용,여,43세,상해없음,화물,여,52세,중상
2022060300100038,2022년 6월 3일 05시,금요일,경기도 안양시 만안구 석수동,경상사고,0,0,2,0,차대차 - 추돌,신호위반,건조,맑음,기타 - 기타,승용,남,63세,상해없음,화물,남,43세,상해없음
2022060300100290,2022년 6월 3일 13시,금요일,인천광역시 미추홀구 학익동,경상사고,0,0,1,0,차대차 - 추돌,안전운전불이행,건조,맑음,단일로 - 기타,화물,남,67세,상해없음,화물,남,60세,경상
2022060300100645,2022년 6월 3일 23시,금요일,인천광역시 연수구 송도동,경상사고,0,0,1,0,차대차 - 측면충돌,안전거리미확보,건조,맑음,단일로 - 교량,승용,남,28세,상해없음,승용,남,34세,경상
2022060500100320,2022년 6월 5일 18시,일요일,인천광역시 연수구 송도동,경상사고,0,0,2,0,차대차 - 추돌,안전거리미확보,건조,맑음,단일로 - 교량,승용,남,38세,상해없음,승용,남,44세,상해없음
2022060800100208,2022년 6월 8일 11시,수요일,인천광역시 연수구 송도동,경상사고,0,0,1,0,차대차 - 추돌,기타,건조,맑음,단일로 - 교량,승용,여,44세,기타불명,승용,여,52세,경상
2022061000100488,2022년 6월 10일 18시,금요일,인천광역시 중구 운남동,경상사고,0,0,1,0,차대차 - 추돌,안전거리미확보,건조,맑음,단일로 - 교량,승용,남,30세,상해없음,승용,남,30세,경상
2022061100100017,2022년 6월 11일 00시,토요일,경기도 시흥시 신천동,경상사고,0,0,1,0,차대차 - 정면충돌,기타,건조,맑음,단일로 - 교량,승용,남,48세,상해없음,화물,남,53세,경상
2022061200100066,2022년 6월 12일 06시,일요일,인천광역시 중구 운서동,경상사고,0,0,2,0,차대차 - 측면충돌,안전거리미확보,건조,맑음,단일로 - 기타,승용,남,30세,상해없음,승용,남,33세,경상
2022061400100194,2022년 6월 14일 10시,화요일,인천광역시 미추홀구 문학동,경상사고,0,0,1,0,차대차 - 측면충돌,안전거리미확보,건조,맑음,단일로 - 기타,승용,남,48세,상해없음,화물,남,51세,경상
2022061700100297,2022년 6월 17일 14시,금요일,경기도 성남시 수정구 시흥동,경상사고,0,0,1,0,차대차 - 측면충돌,안전거리미확보,건조,맑음,단일로 - 기타,승용,여,56세,상해없음,승용,여,58세,경상
2022062200100635,2022년 6월 22일 23시,수요일,경기도 안양시 만안구 석수동,경상사고,0,0,1,0,차대차 - 측면충돌,안전거리미확보,건조,맑음,단일로 - 기타,승용,남,59세,상해없음,승용,남,26세,경상
2022062300100469,2022년 6월 23일 18시,목요일,경기도 광명시 소하동,경상사고,0,0,2,0,차대차 - 추돌,안전운전불이행,젖음/습기,비,단일로 - 터널,화물,남,26세,상해없음,승용,남,31세,경상
2022062500100339,2022년 6월 25일 14시,토요일,경기도 안양시 만안구 석수동,중상사고,0,1,3,1,차대차 - 추돌,안전거리미확보,건조,맑음,단일로 - 기타,승용,남,52세,상해없음,승용,남,56세,경상
2022070100100398,2022년 7월 1일 16시,금요일,경기도 안양시 만안구 석수동,부상신고사고,0,0,0,2,차대차 - 추돌,안전운전불이행,건조,맑음,단일로 - 기타,승용,남,37세,상해없음,승용,남,31세,부상신고
2022070100100604,2022년 7월 1일 20시,금요일,경기도 안양시 동안구 관양동,경상사고,0,0,1,0,차대차 - 기타,안전거리미확보,건조,맑음,단일로 - 기타,승용,남,66세,상해없음,승용,여,37세,경상
2022070300100298,2022년 7월 3일 16시,일요일,경기도 의왕시 청계동,중상사고,0,1,1,0,차대차 - 기타,안전운전불이행,건조,맑음,교차로 - 교차로부근,화물,남,36세,상해없음,승용,남,71세,경상
2022070500100037,2022년 7월 5일 05시,화요일,인천광역시 남동구 운연동,경상사고,0,0,1,0,차대차 - 정면충돌,안전운전불이행,건조,맑음,단일로 - 교량,승용,남,67세,상해없음,건설기계,남,52세,경상
2022070700100029,2022년 7월 7일 02시,목요일,인천광역시 남동구 남촌동,경상사고,0,0,1,0,차대차 - 측면충돌,중앙선침범,건조,흐림,단일로 - 기타,화물,남,49세,상해없음,승용,여,49세,경상
2022070800100117,2022년 7월 8일 08시,금요일,인천광역시 남동구 남촌동,경상사고,0,0,1,0,차대차 - 추돌,안전운전불이행,건조,맑음,단일로 - 기타,승용,남,23세,상해없음,승용,남,55세,경상
2022070800100484,2022년 7월 8일 18시,금요일,인천광역시 연수구 선학동,중상사고,0,1,1,0,차대차 - 측면충돌,안전운전불이행,건조,맑음,단일로 - 교량,승용,남,31세,상해없음,승용,남,62세,중상
2022071100100140,2022년 7월 11일 09시,월요일,경기도 시흥시 신천동,중상사고,0,1,0,0,차대차 - 추돌,안전거리미확보,건조,맑음,단일로 - 교량,승용,남,46세,상해없음,승용,남,39세,중상
2022071100100212,2022년 7월 11일 11시,월요일,경기도 시흥시 안현동,경상사고,0,0,1,0,차대차 - 측면충돌,안전운전불이행,건조,맑음,단일로 - 기타,승용,여,67세,상해없음,승용,남,48세,경상
2022073100100047,2022년 7월 31일 03시,일요일,인천광역시 남동구 남촌동,경상사고,0,0,2,0,차대차 - 추돌,안전운전불이행,건조,맑음,기타 - 기타,승용,남,28세,상해없음,승용,남,23세,경상
2022080300100388,2022년 8월 3일 17시,수요일,경기도 안양시 만안구 석수동,경상사고,0,0,1,0,차대차 - 측면충돌,안전거리미확보,건조,맑음,단일로 - 교량,승용,남,73세,상해없음,승용,여,41세,경상
2022081800100006,2022년 8월 18일 00시,목요일,인천광역시 미추홀구 문학동,경상사고,0,0,1,0,차대차 - 기타,안전운전불이행,건조,맑음,단일로 - 기타,기타불명,기타불명,미분류,기타불명,승용,남,29세,경상
2022082200100547,2022년 8월 22일 23시,월요일,경기도 시흥시 과림동,경상사고,0,0,1,0,차대차 - 추돌,안전운전불이행,건조,맑음,단일로 - 기타,승용,남,40세,상해없음,화물,남,47세,경상
2022082300100274,2022년 8월 23일 13시,화요일,인천광역시 연수구 송도동,중상사고,0,3,1,0,차대차 - 추돌,안전거리미확보,건조,맑음,단일로 - 교량,승용,남,32세,중상,화물,남,53세,경상
2022082600100085,2022년 8월 26일 07시,금요일,경기도 시흥시 안현동,경상사고,0,0,1,0,차대차 - 추돌,안전운전불이행,건조,맑음,단일로 - 기타,승용,남,31세,상해없음,승용,남,29세,경상
2022090200100363,2022년 9월 2일 14시,금요일,인천광역시 남동구 남촌동,경상사고,0,0,1,0,차대차 - 측면충돌,안전거리미확보,건조,맑음,단일로 - 기타,승용,여,72세,상해없음,특수,남,46세,경상
2022090200100512,2022년 9월 2일 17시,금요일,인천광역시 미추홀구 문학동,경상사고,0,0,1,0,차대차 - 추돌,안전운전불이행,건조,맑음,단일로 - 기타,승용,남,25세,상해없음,승용,남,81세,경상
2022090700100016,2022년 9월 7일 01시,수요일,경기도 의왕시 청계동,경상사고,0,0,1,0,차대차 - 추돌,안전운전불이행,건조,맑음,단일로 - 터널,승용,남,36세,상해없음,화물,남,52세,경상
2022090700100529,2022년 9월 7일 17시,수요일,경기도 광명시 일직동,경상사고,0,0,1,0,차대차 - 추돌,안전운전불이행,건조,맑음,단일로 - 기타,화물,남,67세,상해없음,화물,남,52세,경상
2022090700100704,2022년 9월 7일 22시,수요일,경기도 안양시 동안구 관양동,경상사고,0,0,1,0,차대차 - 측면충돌,안전거리미확보,건조,맑음,단일로 - 기타,승용,남,68세,상해없음,승용,여,39세,경상
2022091600100600,2022년 9월 16일 20시,금요일,경기도 성남시 수정구 시흥동,경상사고,0,0,1,0,차대차 - 측면충돌,안전거리미확보,젖음/습기,비,단일로 - 기타,승용,남,22세,상해없음,승용,남,33세,경상
2022092300100520,2022년 9월 23일 18시,금요일,인천광역시 미추홀구 문학동,경상사고,0,0,1,0,차대차 - 측면충돌,안전운전불이행,건조,맑음,단일로 - 기타,화물,남,60세,상해없음,승용,남,61세,경상
2022092400100400,2022년 9월 24일 15시,토요일,인천광역시 남동구 남촌동,경상사고,0,0,5,0,차대차 - 추돌,안전운전불이행,건조,맑음,단일로 - 교량,화물,남,56세,상해없음,승용,남,42세,경상
2022092600100593,2022년 9월 26일 22시,월요일,경기도 광명시 노온사동,경상사고,0,0,3,0,차대차 - 추돌,안전거리미확보,건조,맑음,단일로 - 교량,승용,남,39세,상해없음,승용,여,41세,경상
2022092800100076,2022년 9월 28일 07시,수요일,인천광역시 미추홀구 학익동,경상사고,0,0,1,0,차대차 - 추돌,안전운전불이행,건조,맑음,단일로 - 기타,화물,남,58세,상해없음,승용,남,43세,경상
2022092900100042,2022년 9월 29일 05시,목요일,인천광역시 남동구 남촌동,부상신고사고,0,0,0,10,차대차 - 추돌,안전운전불이행,건조,맑음,단일로 - 기타,승용,남,45세,상해없음,승합,남,62세,부상신고
2022100100100353,2022년 10월 1일 14시,토요일,경기도 광명시 소하동,경상사고,0,0,1,0,차대차 - 추돌,안전운전불이행,건조,맑음,단일로 - 기타,승용,남,72세,상해없음,승용,남,39세,경상
2022100400100031,2022년 10월 4일 04시,화요일,인천광역시 남동구 수산동,중상사고,0,1,1,0,차대차 - 추돌,안전거리미확보,젖음/습기,비,단일로 - 기타,승용,남,28세,상해없음,건설기계,남,53세,경상
2022100400100305,2022년 10월 4일 14시,화요일,인천광역시 미추홀구 학익동,경상사고,0,0,1,0,차대차 - 기타,기타,건조,맑음,단일로 - 기타,화물,남,64세,상해없음,승용,여,60세,경상
2022100600100538,2022년 10월 6일 20시,목요일,인천광역시 남동구 남촌동,경상사고,0,0,2,0,차대차 - 측면충돌,안전거리미확보,건조,맑음,단일로 - 기타,화물,남,55세,경상,승용,남,70세,경상
2022100800100149,2022년 10월 8일 09시,토요일,인천광역시 남동구 남촌동,경상사고,0,0,3,0,차대차 - 추돌,안전운전불이행,건조,맑음,단일로 - 기타,승용,여,32세,상해없음,승용,여,24세,경상
2022101000100008,2022년 10월 10일 00시,월요일,경기도 시흥시 과림동,경상사고,0,0,1,0,차대차 - 기타,안전운전불이행,건조,흐림,단일로 - 지하차도(도로)내,승용,남,35세,상해없음,승용,여,25세,경상
2022101100100049,2022년 10월 11일 06시,화요일,인천광역시 연수구 선학동,중상사고,0,1,2,0,차대차 - 추돌,안전운전불이행,건조,맑음,단일로 - 기타,화물,남,76세,경상,승용,남,51세,중상
2022101200100561,2022년 10월 12일 19시,수요일,인천광역시 남동구 남촌동,경상사고,0,0,1,0,차대차 - 추돌,안전거리미확보,건조,맑음,단일로 - 교량,승용,남,51세,상해없음,승용,남,28세,경상
2022101300100264,2022년 10월 13일 12시,목요일,인천광역시 미추홀구 학익동,중상사고,0,3,2,0,차대차 - 기타,안전운전불이행,건조,맑음,단일로 - 기타,화물,남,28세,중상,화물,남,35세,경상
2022101300100658,2022년 10월 13일 23시,목요일,인천광역시 남동구 남촌동,중상사고,0,2,0,0,차대차 - 추돌,안전운전불이행,건조,맑음,단일로 - 기타,승용,여,52세,상해없음,승용,남,67세,중상
2022101700100707,2022년 10월 17일 22시,월요일,인천광역시 미추홀구 문학동,경상사고,0,0,3,0,차대차 - 추돌,안전운전불이행,건조,맑음,단일로 - 기타,승용,남,39세,상해없음,승용,남,39세,경상
2022101900100165,2022년 10월 19일 09시,수요일,인천광역시 남동구 수산동,경상사고,0,0,1,0,차대차 - 추돌,안전거리미확보,건조,맑음,단일로 - 교량,화물,남,53세,상해없음,승용,남,45세,경상
2022102200100384,2022년 10월 22일 15시,토요일,경기도 안양시 만안구 석수동,중상사고,0,3,1,2,차대차 - 추돌,안전거리미확보,건조,맑음,단일로 - 교량,승용,남,52세,상해없음,승용,남,31세,중상
2022102400100140,2022년 10월 24일 08시,월요일,인천광역시 남동구 남촌동,경상사고,0,0,2,0,차대차 - 측면충돌,신호위반,건조,맑음,단일로 - 기타,승용,남,28세,상해없음,승용,남,51세,경상
2022102800100205,2022년 10월 28일 10시,금요일,인천광역시 남동구 남촌동,경상사고,0,0,4,0,차대차 - 측면충돌,안전거리미확보,건조,맑음,단일로 - 기타,화물,남,34세,상해없음,승용,남,42세,경상
2022102800100229,2022년 10월 28일 11시,금요일,경기도 의왕시 청계동,사망사고,1,0,2,0,차대차 - 추돌,안전운전불이행,건조,맑음,단일로 - 기타,승용,남,36세,사망,화물,남,57세,상해없음
2022110200100491,2022년 11월 2일 18시,수요일,인천광역시 남동구 남촌동,경상사고,0,0,1,0,차대차 - 추돌,안전거리미확보,건조,맑음,단일로 - 기타,승용,남,31세,상해없음,승용,남,59세,경상
2022110600100039,2022년 11월 6일 02시,일요일,경기도 시흥시 과림동,경상사고,0,0,1,0,차대차 - 추돌,안전운전불이행,건조,맑음,단일로 - 교량,승용,남,37세,상해없음,화물,남,37세,경상
2022111000100266,2022년 11월 10일 13시,목요일,경기도 성남시 수정구 시흥동,부상신고사고,0,0,0,4,차대차 - 기타,안전운전불이행,건조,맑음,단일로 - 기타,화물,남,47세,상해없음,승용,여,28세,부상신고
2022111000100436,2022년 11월 10일 17시,목요일,경기도 안양시 만안구 석수동,경상사고,0,0,1,0,차대차 - 기타,안전거리미확보,건조,맑음,단일로 - 기타,승용,남,47세,상해없음,승용,남,26세,경상
2022111200100367,2022년 11월 12일 16시,토요일,경기도 안양시 만안구 석수동,경상사고,0,0,1,0,차대차 - 기타,안전거리미확보,건조,맑음,단일로 - 기타,승용,남,22세,상해없음,승용,남,41세,경상
2022112000100436,2022년 11월 20일 22시,일요일,인천광역시 남동구 수산동,경상사고,0,0,2,0,차대차 - 측면충돌,안전운전불이행,건조,맑음,단일로 - 기타,승용,남,43세,상해없음,승용,남,56세,경상
2022112100100150,2022년 11월 21일 09시,월요일,경기도 광명시 노온사동,경상사고,0,0,1,0,차대차 - 추돌,안전운전불이행,건조,맑음,단일로 - 기타,승용,남,59세,상해없음,승용,남,49세,경상
2022112800100648,2022년 11월 28일 21시,월요일,경기도 안양시 만안구 석수동,경상사고,0,0,1,0,차대차 - 측면충돌,안전거리미확보,젖음/습기,비,단일로 - 교량,기타불명,기타불명,미분류,기타불명,화물,남,61세,상해없음
2022112900100449,2022년 11월 29일 18시,화요일,경기도 의왕시 청계동,경상사고,0,0,1,0,차대차 - 추돌,안전운전불이행,건조,맑음,단일로 - 기타,승용,남,26세,상해없음,승용,남,55세,경상
2022113000100428,2022년 11월 30일 18시,수요일,경기도 광명시 노온사동,경상사고,0,0,1,0,차대차 - 측면충돌,신호위반,건조,맑음,단일로 - 기타,승용,남,61세,상해없음,승용,남,57세,경상
2022120300100051,2022년 12월 3일 05시,토요일,인천광역시 미추홀구 문학동,경상사고,0,0,1,0,차대차 - 측면충돌,안전거리미확보,젖음/습기,눈,단일로 - 기타,기타불명,기타불명,미분류,기타불명,승용,남,58세,경상
2022120700100352,2022년 12월 7일 16시,수요일,경기도 시흥시 신천동,경상사고,0,0,1,0,차대차 - 측면충돌,안전거리미확보,건조,맑음,단일로 - 기타,승용,남,39세,상해없음,승합,남,44세,경상
2022120800100012,2022년 12월 8일 00시,목요일,인천광역시 남동구 남촌동,경상사고,0,0,3,0,차대차 - 추돌,안전운전불이행,건조,맑음,단일로 - 기타,승용,남,49세,상해없음,화물,남,53세,경상
2022120900100454,2022년 12월 9일 18시,금요일,인천광역시 남동구 서창동,중상사고,0,1,1,0,차대차 - 추돌,안전운전불이행,건조,맑음,단일로 - 기타,승용,남,51세,상해없음,승용,남,27세,중상
2022120900100496,2022년 12월 9일 19시,금요일,경기도 안양시 만안구 석수동,경상사고,0,0,1,0,차대차 - 기타,안전운전불이행,건조,맑음,단일로 - 기타,승용,남,39세,경상,승용,남,71세,상해없음
2022121400100032,2022년 12월 14일 04시,수요일,인천광역시 미추홀구 용현동,사망사고,1,1,1,0,차대차 - 추돌,안전운전불이행,건조,맑음,교차로 - 교차로부근,특수,남,60세,사망,화물,남,53세,중상
2022121700100124,2022년 12월 17일 09시,토요일,경기도 광명시 일직동,중상사고,0,1,1,0,차대차 - 추돌,안전운전불이행,건조,맑음,단일로 - 교량,승용,남,33세,상해없음,승용,남,53세,경상
2022121700100125,2022년 12월 17일 09시,토요일,인천광역시 남동구 서창동,경상사고,0,0,2,0,차량단독 - 공작물충돌,안전운전불이행,건조,맑음,단일로 - 기타,승용,남,58세,상해없음,,,,
2022121800100315,2022년 12월 18일 18시,일요일,경기도 안양시 만안구 석수동,경상사고,0,0,2,0,차대차 - 측면충돌,안전거리미확보,건조,맑음,단일로 - 교량,승용,남,56세,상해없음,승용,남,78세,상해없음
2022121900100371,2022년 12월 19일 16시,월요일,경기도 시흥시 안현동,경상사고,0,0,1,0,차대차 - 기타,안전거리미확보,건조,맑음,단일로 - 기타,승합,남,47세,상해없음,승용,남,23세,경상
2022122500100263,2022년 12월 25일 17시,일요일,인천광역시 중구 운서동,경상사고,0,0,2,0,차대차 - 추돌,안전거리미확보,건조,맑음,단일로 - 교량,승용,남,68세,경상,승용,남,30세,경상
2022122800100299,2022년 12월 28일 14시,수요일,인천광역시 남동구 서창동,경상사고,0,0,1,0,차대차 - 측면충돌,안전거리미확보,건조,맑음,단일로 - 기타,화물,남,61세,상해없음,승용,남,41세,경상
2022122800100336,2022년 12월 28일 15시,수요일,인천광역시 남동구 남촌동,중상사고,0,1,0,0,차대차 - 추돌,안전운전불이행,건조,맑음,단일로 - 기타,승용,여,67세,상해없음,화물,남,66세,중상
2022122800100600,2022년 12월 28일 22시,수요일,인천광역시 남동구 운연동,경상사고,0,0,2,0,차대차 - 기타,안전거리미확보,젖음/습기,맑음,단일로 - 기타,승용,남,54세,상해없음,승용,여,51세,경상